4 Quincy Hill,4/15/1962,Male
5757 Burrows Parkway,9/22/1948,Male
9 Buhler Lane,5/3/1966,Male
0 Lyons Hill,2/27/2004,Female
7 Swallow Center,3/19/2011,Female
4252 Hazelcrest Point,10/17/1941,Female
28459 Mitchell Circle,12/23/1996,Female
6064 Petterle Center,7/5/1949,Male
32557 Boyd Drive,5/20/1979,Female
0139 Blackbird Lane,3/2/1952,Female
78 Surrey Drive,10/27/2015,Female
381 Towne Crossing,1/25/2003,Male
32 Myrtle Place,9/23/2012,Male
456 Amoth Place,7/26/1959,Female
97 Kinsman Road,6/30/1972,Female
363 Gerald Hill,2/13/1958,Male
203 Golden Leaf Terrace,2/26/1968,Male
0574 Holmberg Circle,12/8/1981,Male
993 Kinsman Drive,3/21/1962,Male
89 Sommers Park,9/4/1968,Male
32311 Arizona Center,5/22/1978,Male
075 Warner Center,2/19/1970,Female
82 Dunning Park,8/7/1975,Female
4 Boyd Place,1/21/1968,Male
89 La Follette Alley,7/7/1962,Male
1026 Fuller Trail,1/3/2007,Female
704 Cascade Junction,10/1/2007,Male
892 Granby Parkway,5/2/1954,Male
42 Hazelcrest Place,12/27/1956,Male
19 Ryan Road,7/1/2013,Male
4 Farmco Trail,1/1/1980,Male
22982 Truax Alley,11/21/1994,Male
08122 Dryden Point,2/8/1966,Male
58157 Monterey Street,9/27/2007,Female
19 Lindbergh Circle,10/26/2011,Female
58013 Helena Plaza,4/19/1967,Male
3 Northport Park,11/26/1994,Male
6947 Pearson Alley,9/16/1946,Female
1 Kings Plaza,1/1/1983,Female
091 Talisman Drive,1/1/1968,Female
33 Northview Terrace,1/14/1969,Male
87629 Ludington Terrace,3/18/2015,Male
9 Glendale Place,12/22/2005,Female
73118 Surrey Parkway,9/10/1995,Female
51 Wayridge Parkway,1/28/2001,Female
04 Merry Hill,4/7/1982,Male
1 Iowa Point,1/8/1954,Female
74807 Longview Place,5/14/2017,Male
5982 Elka Drive,2/1/1961,Male
17 Clemons Crossing,3/23/2013,Male
52 Debs Place,8/16/1976,Male
52614 Nevada Pass,4/18/2007,Male
446 Thompson Junction,12/10/1946,Male
86357 Stephen Avenue,5/21/1993,Male
08 Golden Leaf Street,8/2/1941,Male
033 Hintze Parkway,6/1/1982,Male
73 Westport Drive,12/7/2000,Female
52110 Ridgeway Pass,8/14/2012,Male
95334 Butterfield Trail,7/17/1974,Male
964 Fairfield Trail,11/26/1976,Female
659 Grasskamp Plaza,2/24/1949,Female
9 Quincy Plaza,7/1/2010,Male
91 Ramsey Road,3/3/2017,Male
0900 Michigan Crossing,8/21/1962,Female
461 Hanson Street,12/19/1940,Female
9946 Lotheville Street,1/2/1961,Female
7 Butterfield Road,2/7/2006,Male
96115 Riverside Parkway,9/4/1997,Female
468 Dorton Pass,6/30/2011,Female
276 Canary Junction,6/30/2012,Male
4 Hermina Park,10/22/1957,Female
46166 Erie Park,4/6/2002,Male
6858 Moland Parkway,12/28/1994,Female
82049 Sunnyside Street,7/18/2015,Female
41077 Anderson Alley,4/22/1988,Female
1 8th Park,12/6/1992,Male
5645 Lukken Hill,6/29/1965,Female
9 Truax Terrace,2/2/1983,Female
441 Cascade Court,4/28/1954,Female
7 Beilfuss Junction,8/1/1970,Female
6210 Elka Plaza,3/6/2002,Female
593 Farmco Parkway,2/27/1994,Male
67 Bultman Junction,2/12/2008,Female
752 Spaight Pass,3/19/1946,Female
414 Farmco Road,3/15/2008,Male
4082 Gerald Avenue,1/16/1996,Male
2621 Kim Hill,3/18/2014,Female
702 Main Alley,6/12/1988,Male
864 Truax Terrace,7/19/1952,Female
160 Anthes Point,9/25/1987,Male
59 Miller Junction,11/6/1965,Female
861 Meadow Ridge Alley,1/24/1945,Female
012 Fisk Park,8/25/1988,Female
41942 Darwin Alley,9/9/2008,Female
5720 Dahle Avenue,1/27/1948,Male
21771 Old Shore Lane,9/19/1957,Female
9 Meadow Ridge Parkway,12/14/1953,Male
5 Norway Maple Place,2/3/2004,Male
6 Northport Point,6/26/1961,Male
723 Farmco Way,12/18/1952,Female
907 Ramsey Street,6/17/1969,Female
7121 Sauthoff Parkway,6/12/1961,Male
37 Trailsway Place,6/22/1948,Female
578 Swallow Court,7/21/1969,Male
10 Riverside Court,7/11/1945,Female
94 Summer Ridge Center,8/15/2014,Female
41 Oak Valley Crossing,2/2/2002,Male
95 Fieldstone Lane,4/20/1947,Male
779 Shelley Point,7/7/1978,Female
1 Killdeer Center,8/15/1976,Female
6 Montana Plaza,3/30/1999,Male
050 Express Junction,12/1/1940,Female
903 Washington Point,4/21/1951,Male
48894 Tennyson Point,12/7/2010,Female
6 Rowland Place,3/3/1946,Male
81 Sycamore Park,5/11/1987,Female
34 Waubesa Drive,11/23/1942,Female
3 Village Alley,12/9/1948,Male
6 Sullivan Center,10/7/1945,Male
66388 Almo Street,4/15/1990,Female
80842 Trailsway Pass,8/16/1993,Female
0 Becker Road,5/21/1979,Female
6438 Bultman Street,12/7/1964,Male
8739 Village Road,7/4/1984,Male
0316 Raven Place,8/22/1953,Male
56497 Basil Terrace,9/20/1989,Male
96836 Meadow Ridge Terrace,11/26/2012,Female
53194 Paget Parkway,2/21/1979,Female
6298 North Center,4/26/1969,Female
36810 Delladonna Place,10/10/1994,Male
5782 Meadow Valley Circle,4/8/2000,Male
8 Bobwhite Terrace,1/28/1967,Female
85 Eagan Trail,10/15/1956,Male
0 Toban Pass,1/22/1963,Female
57131 La Follette Crossing,9/30/1943,Male
533 Carioca Point,5/4/1944,Female
61072 Pearson Pass,1/8/1981,Female
47 Chive Pass,11/2/1968,Female
5706 Little Fleur Parkway,3/9/1992,Male
68099 3rd Terrace,8/1/1958,Male
2 Milwaukee Road,3/25/1942,Female
3835 Graceland Hill,4/1/2011,Male
122 Gina Avenue,1/18/1972,Female
45953 La Follette Terrace,2/22/1995,Female
41 Petterle Center,2/5/1956,Female
78627 Saint Paul Hill,2/27/1953,Male
16136 Maple Wood Circle,7/26/2001,Female
02607 Vera Plaza,3/9/2011,Male
9907 Weeping Birch Street,12/21/1957,Female
7811 Acker Court,8/30/1949,Male
55 Riverside Park,7/9/1967,Female
5 Meadow Vale Plaza,9/7/1982,Female
8 Hayes Center,4/27/1999,Female
182 High Crossing Road,4/4/1958,Male
374 Bluejay Center,4/30/1982,Female
4258 Holmberg Hill,10/19/1987,Female
1281 American Parkway,9/14/1976,Female
01126 Bunker Hill Avenue,3/31/1973,Male
632 West Trail,7/12/2015,Male
2246 Mariners Cove Avenue,5/22/1943,Female
7151 Jenna Crossing,2/13/1974,Male
22 Northfield Parkway,12/30/1979,Female
9 Tennessee Parkway,2/2/1979,Male
9 Elgar Parkway,8/15/1976,Male
9 8th Court,5/22/2014,Male
6 Mosinee Place,4/25/1969,Male
2644 Valley Edge Way,5/25/2015,Female
36458 Old Shore Pass,4/5/1963,Female
1 Carpenter Plaza,5/9/1959,Male
9039 Morning Junction,10/16/1959,Male
49883 Sachtjen Park,4/8/1988,Male
87 Autumn Leaf Plaza,5/9/1990,Female
3 Hermina Terrace,2/14/1989,Male
8 Nelson Pass,3/22/1952,Female
25 Bellgrove Junction,7/21/2001,Female
5 Lunder Court,2/2/1952,Female
2041 Grim Plaza,5/17/1958,Male
1 Loeprich Center,12/24/2006,Female
3488 Shopko Circle,10/7/1989,Male
17 Anniversary Lane,4/28/1969,Male
7250 Village Green Junction,3/27/2007,Female
689 Lukken Place,12/24/1949,Female
420 Badeau Alley,3/6/1964,Female
5 Stuart Point,7/28/1973,Female
59 Summit Circle,3/16/2004,Male
441 Ramsey Drive,12/4/1973,Male
9299 East Park,7/16/1981,Male
1 Toban Drive,2/27/1946,Female
980 Anzinger Point,6/5/1958,Male
9377 Brentwood Court,8/17/2002,Male
1 Summit Alley,2/16/1999,Female
9 Luster Circle,8/3/2013,Female
2 3rd Road,3/28/1982,Female
994 Vernon Road,6/18/1974,Male
1 Waubesa Road,4/24/2002,Male
498 Dunning Junction,9/19/1970,Male
75 Arapahoe Pass,12/11/2000,Male
19 Thackeray Circle,2/12/1980,Male
0 Tennyson Lane,9/16/1977,Male
84 Annamark Circle,3/19/1958,Male
06466 Golf View Circle,11/20/1949,Male
326 Randy Trail,1/29/1992,Female
09 Katie Parkway,5/9/2012,Female
4 Bay Parkway,3/7/1945,Male
914 Crescent Oaks Hill,9/30/1953,Female
9 Myrtle Alley,1/12/1993,Male
9 Judy Court,9/24/1984,Male
67465 Maywood Trail,6/22/1959,Female
225 Monument Way,1/12/1994,Female
90 Bunting Place,5/15/1970,Female
38758 Paget Way,12/9/1987,Female
887 Esker Road,10/5/1949,Female
736 Gina Way,3/30/2012,Male
33 Johnson Pass,2/14/1963,Female
9930 Lakewood Gardens Drive,3/9/2000,Female
02616 Longview Street,6/20/1967,Female
864 Schmedeman Drive,12/28/1994,Female
54025 7th Court,1/11/1958,Male
95 Tomscot Junction,3/10/1956,Female
56736 Prentice Crossing,3/17/1976,Male
40 Esker Street,5/8/1941,Female
284 Wayridge Pass,7/2/1984,Male
8011 Calypso Lane,5/6/1942,Male
66448 Surrey Junction,7/3/1988,Male
1 Red Cloud Drive,7/9/1977,Female
820 Packers Pass,8/28/1947,Female
84 Gulseth Street,7/25/1950,Male
7 Northland Center,12/30/2006,Female
1866 Union Street,4/13/1959,Female
30 Goodland Lane,7/17/1956,Male
90 Eagan Place,8/3/2011,Female
223 Dapin Place,3/4/2003,Female
810 Graceland Drive,1/20/1973,Female
80175 Hollow Ridge Hill,8/30/1967,Male
3165 Fair Oaks Point,7/8/1983,Female
4793 Linden Terrace,8/15/2012,Female
05 Sachtjen Plaza,1/7/2003,Female
1344 Annamark Lane,3/20/1949,Male
4 Norway Maple Lane,1/30/1984,Female
54296 Kings Avenue,5/12/1980,Female
4133 Oneill Street,6/27/1951,Female
38553 Caliangt Terrace,6/6/1946,Female
684 Haas Pass,1/21/1957,Female
9 Anzinger Alley,2/23/1996,Male
1 Mariners Cove Crossing,4/28/2005,Male
44 Eliot Crossing,7/7/1964,Female
138 Corry Center,10/4/2007,Female
077 Carberry Junction,1/18/1952,Male
72 Norway Maple Avenue,10/15/2007,Female
75157 Northland Road,10/29/1950,Female
555 Clyde Gallagher Plaza,5/29/1975,Male
39 3rd Point,10/6/1992,Male
2011 Delaware Crossing,12/20/1979,Female
806 Hintze Plaza,3/12/1982,Female
7218 Meadow Ridge Avenue,10/4/1950,Female
226 Montana Street,2/22/1973,Female
764 Knutson Parkway,12/17/2003,Female
6 Northland Terrace,8/27/1974,Female
9884 Fremont Point,5/29/1993,Female
301 Forest Run Avenue,4/10/1950,Female
552 Grasskamp Parkway,9/9/1958,Male
67 Service Drive,1/17/2015,Male
53535 Sheridan Trail,2/11/2010,Male
496 Quincy Plaza,3/1/1967,Male
3 Sugar Way,8/4/1976,Male
78978 Muir Crossing,8/27/1987,Female
76 Declaration Junction,3/17/2008,Female
14 Pawling Point,9/20/1957,Female
163 Pleasure Avenue,10/13/2014,Male
77 Homewood Avenue,4/20/1942,Male
40770 Del Sol Junction,7/8/1973,Female
288 New Castle Street,11/21/2007,Female
5485 7th Junction,6/19/1971,Female
5650 Florence Center,5/13/1943,Female
5 Jackson Street,1/15/1953,Female
2 Dryden Plaza,12/14/1948,Male
72046 Sauthoff Lane,5/8/2016,Female
7364 Chive Terrace,10/6/1981,Female
50933 Graceland Park,3/12/1990,Female
53885 Fisk Point,8/2/2007,Male
83340 Carioca Circle,6/18/1995,Female
367 Straubel Lane,4/15/1979,Male
93 Graceland Road,10/22/1974,Female
3278 Crownhardt Pass,5/1/1984,Female
158 Rowland Parkway,4/18/2016,Male
59 Anderson Street,7/21/1962,Female
3 Clarendon Point,2/2/1997,Male
93 Hazelcrest Plaza,2/8/1987,Male
8 Havey Center,3/12/2001,Female
1 Nevada Point,7/20/1991,Male
063 Sachtjen Road,12/10/1974,Female
5 Mayer Road,10/31/1956,Male
0 Rusk Lane,3/11/1951,Male
0 Pankratz Point,11/30/1979,Female
18 Main Parkway,9/7/1942,Female
416 Merchant Drive,1/22/2003,Female
69277 Oneill Trail,7/20/1958,Male
93803 Tony Court,2/5/1964,Male
3191 Pepper Wood Avenue,4/28/1946,Female
7529 Becker Junction,11/21/1971,Male
677 Melby Plaza,2/17/1988,Male
9 Westerfield Place,10/4/2011,Female
85 Prairieview Plaza,3/5/1987,Male
2168 Drewry Way,4/18/1943,Female
6582 Texas Hill,4/27/1946,Male
78139 Schlimgen Court,12/16/2009,Male
3 Utah Point,12/15/1999,Male
8 Cambridge Junction,9/13/1948,Male
83628 Thackeray Trail,10/3/2004,Male
2995 Calypso Way,1/8/1974,Male
826 Novick Park,10/19/1950,Male
66 Gale Parkway,5/29/1964,Male
95 Scofield Avenue,4/21/2001,Female
234 Farragut Circle,1/12/1973,Female
80 Loomis Road,11/14/2007,Female
031 Clove Avenue,5/1/1984,Male
83 Victoria Parkway,10/28/2000,Male
86 Becker Lane,1/15/1988,Male
167 Sunfield Pass,9/3/1996,Male
3262 Village Plaza,12/15/1987,Female
30 Rockefeller Terrace,2/26/1963,Male
268 Eagan Court,8/26/2010,Male
47 Mayfield Center,9/17/1946,Female
3929 Waywood Alley,1/9/1977,Male
463 Lighthouse Bay Avenue,1/6/1962,Male
0725 Dixon Crossing,7/25/1951,Male
409 Linden Drive,5/8/1976,Male
49166 Sutteridge Court,12/18/1956,Male
8437 Glendale Pass,4/9/1980,Female
136 Starling Circle,6/29/1989,Female
3 Atwood Avenue,9/4/1980,Female
7690 Roth Court,7/31/1992,Male
122 Londonderry Pass,4/6/1990,Female
09 8th Alley,6/29/1994,Female
809 Nancy Junction,7/3/1950,Female
66489 Ridgeview Junction,8/28/1987,Male
11 Gerald Way,7/25/1981,Male
30901 Morning Terrace,3/21/1962,Female
982 Ridge Oak Place,12/20/1963,Female
11954 Bobwhite Hill,5/24/2000,Female
3 Elgar Pass,6/15/1980,Female
67529 Mesta Pass,11/30/2009,Male
642 Village Green Junction,10/13/1952,Female
521 Johnson Avenue,3/17/1982,Male
6397 Sage Court,7/30/1982,Male
0663 Novick Drive,12/14/1948,Male
78122 Harper Crossing,7/23/2007,Female
644 Fordem Avenue,10/17/1989,Female
397 Mifflin Circle,7/25/1976,Female
57 Hayes Junction,5/10/1954,Female
89 Evergreen Point,7/22/1950,Female
524 Maryland Street,8/18/1999,Male
87055 Hoffman Park,5/6/2007,Male
6271 Cherokee Way,6/12/1984,Male
04486 Sycamore Trail,12/7/2011,Male
60059 Schlimgen Way,7/24/1989,Male
8600 Eagan Drive,5/5/2007,Female
601 Browning Junction,12/7/1979,Female
0269 Meadow Valley Trail,7/22/1958,Male
607 Bashford Alley,11/11/1974,Male
3475 Truax Junction,11/22/1971,Female
2 Bluestem Park,5/29/1947,Female
382 Eagle Crest Crossing,2/21/1944,Male
154 Bashford Road,7/20/1947,Female
98 Stang Road,3/16/1988,Female
75457 Warrior Parkway,3/14/1982,Female
4396 Manley Crossing,3/31/2003,Female
07910 Victoria Parkway,2/16/1943,Male
32463 Sycamore Court,7/31/2011,Female
5 School Parkway,12/28/1953,Male
9769 Scott Avenue,2/13/1968,Female
037 Quincy Pass,5/28/1984,Female
815 Shoshone Court,1/22/1966,Male
7 Sullivan Junction,9/27/1997,Female
3 Debra Drive,4/16/1998,Male
0453 Russell Road,1/14/1981,Female
68 Golf Course Point,12/7/1980,Male
27 Sycamore Pass,1/31/1967,Male
3503 Oakridge Way,9/30/2009,Female
87090 Lillian Court,7/5/1977,Female
11 Saint Paul Lane,10/16/2010,Female
4 Sloan Pass,12/11/2015,Male
96638 Fordem Center,5/24/1980,Female
40 Menomonie Circle,11/3/1986,Male
476 Veith Way,1/6/1974,Female
6983 Dunning Circle,7/23/1987,Male
135 Hudson Way,8/6/1998,Male
62 Northwestern Alley,5/24/1997,Male
51288 Upham Point,6/30/2014,Male
2764 Fallview Center,8/25/1941,Male
0 Transport Road,9/6/1965,Female
081 Sugar Drive,9/16/2001,Female
976 Express Court,4/13/1961,Male
09 Montana Street,12/25/1971,Male
1358 Dapin Lane,11/30/1940,Female
7 Farmco Avenue,7/12/1986,Female
15382 Armistice Way,6/6/1964,Male
3 Golden Leaf Crossing,1/6/1982,Female
4306 Declaration Crossing,10/3/2002,Female
8 Northridge Way,5/31/1967,Male
3375 Nobel Avenue,12/4/1973,Female
166 Sherman Road,6/14/1978,Female
4362 Homewood Way,3/29/2015,Female
901 Jenifer Hill,10/31/1968,Male
99 Corscot Street,12/26/1969,Female
79 Drewry Place,6/23/1970,Female
4 Ridgeview Pass,10/4/1975,Female
4932 Oxford Circle,3/10/2011,Male
471 Westport Pass,3/1/1953,Male
99 Grover Parkway,2/10/1995,Female
778 Grim Pass,5/17/2011,Female
37213 Fallview Hill,9/5/2010,Male
33074 Hermina Lane,9/17/2014,Male
56730 Mosinee Park,10/9/1985,Female
2 Forest Road,7/24/1977,Male
22143 Amoth Lane,3/14/1995,Female
422 Scoville Road,7/30/1948,Female
9 Grasskamp Parkway,2/16/1969,Male
1939 Basil Hill,10/31/1978,Female
2768 New Castle Pass,2/18/1990,Male
89 Norway Maple Alley,4/20/2006,Male
44 Hayes Crossing,7/27/2009,Female
6647 Graedel Way,2/24/2000,Male
22161 Heath Avenue,10/10/2011,Male
97443 Lotheville Plaza,4/4/1947,Female
80371 Buell Drive,10/26/1993,Female
2 Rieder Parkway,4/8/1951,Female
07 Crownhardt Circle,4/4/1966,Female
49 Shopko Lane,6/26/2007,Male
45431 Northport Place,10/27/1971,Male
8 Browning Drive,5/3/1970,Male
194 David Junction,5/6/1951,Male
2 Barby Court,1/22/2006,Male
9533 Monica Pass,3/12/1965,Female
819 Glendale Hill,3/31/2002,Female
8 Blue Bill Park Drive,9/18/1953,Male
868 Ohio Way,1/8/1951,Female
9 Caliangt Hill,9/28/1979,Female
2 Manley Park,8/30/1981,Male
2 Hansons Drive,12/6/1996,Female
2574 Spaight Point,11/5/1969,Female
512 Fallview Road,11/15/1953,Female
72 Melody Trail,7/16/1978,Female
4 Talisman Court,5/19/1988,Female
062 Hovde Road,3/11/1997,Female
6 Coolidge Avenue,9/11/1947,Female
5 Shoshone Hill,10/6/1947,Male
63951 Chive Point,5/11/1948,Female
364 Loomis Road,7/4/1942,Male
45843 Hintze Way,3/25/1976,Female
21678 Linden Place,5/17/1995,Female
709 Continental Junction,7/24/1970,Male
9 Banding Point,3/5/1943,Male
8000 Homewood Road,8/8/1969,Male
6985 International Lane,5/24/1964,Male
3 Thierer Lane,11/21/1945,Male
52 Pine View Avenue,1/27/1955,Female
1643 Banding Center,2/18/2008,Male
51274 Iowa Center,3/30/1983,Male
92082 Debra Crossing,10/1/1995,Female
22 Forest Crossing,1/20/1959,Female
10310 Shoshone Junction,7/15/1983,Female
170 Westend Street,11/29/2005,Female
02 Texas Street,7/24/1992,Female
90371 Waxwing Road,10/3/1941,Male
15 Tennyson Park,4/16/1983,Male
14805 Thompson Circle,4/20/1982,Male
3871 Portage Point,7/11/1998,Male
1535 Warbler Drive,12/21/1941,Female
48 Sullivan Crossing,8/30/1981,Female
63578 Portage Junction,8/23/1952,Male
5 Eggendart Circle,6/9/1969,Female
86106 Cascade Hill,7/17/1985,Male
03639 Bluestem Way,11/18/2017,Male
15045 Lukken Street,7/5/1988,Male
5 South Way,7/1/1977,Male
786 Waxwing Trail,7/7/2002,Male
7 Tennessee Hill,1/15/1948,Female
1 Montana Hill,7/15/1972,Female
22 Cody Pass,11/2/1987,Male
1 La Follette Place,1/14/1946,Female
32711 Burrows Point,8/10/1990,Female
9847 Park Meadow Trail,5/24/1962,Male
7813 Warrior Point,11/25/2015,Male
0 Di Loreto Street,5/13/1954,Female
9550 Mandrake Drive,11/25/1975,Female
987 Brown Avenue,8/31/1966,Male
84 Grasskamp Junction,7/15/2007,Female
18 Manley Plaza,9/7/1993,Female
5103 Fieldstone Court,5/9/1962,Male
13196 Northfield Place,6/6/2011,Male
3 6th Court,8/14/1982,Female
79759 Waywood Street,5/30/1959,Female
462 Dryden Trail,3/14/1990,Female
9866 Gina Street,10/5/2001,Male
67848 2nd Pass,10/1/2016,Male
17830 Dovetail Hill,1/10/2016,Female
678 Village Lane,9/28/2009,Male
89485 Milwaukee Place,2/25/1993,Female
1 Straubel Lane,3/9/1956,Female
938 Southridge Way,12/23/1980,Male
18519 Canary Crossing,1/19/2010,Female
1 Del Mar Alley,9/20/1955,Female
70572 Loeprich Point,12/19/1945,Female
4 Green Ridge Way,1/6/1952,Male
38023 Norway Maple Court,10/7/1941,Male
64 Mariners Cove Drive,4/12/1974,Male
0 Homewood Parkway,2/5/1962,Female
06878 Sutteridge Place,2/12/1943,Male
25 Old Gate Drive,12/29/2010,Male
1 Loftsgordon Crossing,3/23/2016,Male
6559 Tomscot Park,12/8/1965,Male
6493 Dexter Hill,8/11/1964,Female
0679 Eastlawn Parkway,3/10/2008,Male
364 Oak Avenue,8/15/1948,Female
19565 Anzinger Terrace,5/5/1943,Female
7831 Eggendart Plaza,11/29/2013,Male
0 Talmadge Crossing,5/9/1993,Female
6 Burning Wood Park,6/27/1999,Female
29 Bunker Hill Park,7/13/1969,Female
2621 Texas Crossing,12/10/1941,Female
9 Becker Pass,9/9/1965,Female
3295 Kingsford Plaza,12/16/2012,Female
1 Fairview Point,4/23/2017,Male
92514 Sage Park,8/22/1945,Female
414 Welch Terrace,6/19/1960,Male
9 Parkside Place,10/31/1952,Female
6 Sheridan Plaza,7/25/1993,Male
85 Anniversary Avenue,1/22/1960,Male
8 Farragut Avenue,12/13/2006,Male
66658 Eggendart Circle,10/6/2006,Male
72131 Hollow Ridge Road,4/1/1949,Male
26 Northfield Pass,1/15/2002,Male
141 Kipling Park,11/18/2003,Male
37853 Knutson Place,10/30/1975,Male
649 Sutteridge Crossing,5/14/1983,Male
1148 Dunning Center,10/19/1986,Female
38090 Calypso Plaza,7/12/1943,Male
989 Village Terrace,10/23/1944,Female
80 Upham Avenue,8/28/1950,Male
6 Scofield Road,9/4/1958,Male
91 Duke Terrace,11/23/1966,Male
6304 Trailsway Park,5/12/1958,Male
459 Meadow Ridge Lane,7/18/1967,Female
1 Hoard Drive,2/24/1948,Male
7 Holmberg Parkway,6/30/2009,Female
5 3rd Avenue,4/10/1966,Female
789 Quincy Hill,2/27/2010,Male
804 Lien Parkway,11/23/1943,Male
271 Scott Center,6/29/1944,Female
01044 Golden Leaf Circle,5/27/1941,Female
33 Montana Court,2/28/1959,Female
4 Longview Terrace,9/11/1968,Male
1 Sullivan Court,4/7/1943,Male
2 Westerfield Crossing,4/25/1963,Male
755 Memorial Drive,7/22/1994,Male
4 Moose Trail,1/17/1985,Male
35 Dwight Pass,10/12/1990,Male
8839 Montana Park,5/20/1941,Female
3144 Montana Plaza,6/14/1989,Male
10609 Melody Road,6/1/1960,Female
0889 Roth Park,5/20/1970,Female
7 Linden Alley,10/14/2011,Male
349 Schlimgen Alley,4/16/1965,Male
28 Evergreen Way,2/3/2000,Male
8 Hagan Drive,11/23/1974,Female
18805 Parkside Parkway,3/10/2001,Female
5 Morning Place,7/10/1994,Male
1325 Carioca Terrace,4/20/1951,Female
0491 Fallview Avenue,9/11/1942,Female
5 Lunder Place,7/26/1944,Male
876 Saint Paul Plaza,3/6/1956,Female
74 Continental Way,11/4/2000,Male
196 Northland Avenue,4/1/1967,Male
2377 Lotheville Alley,12/14/1983,Female
34 Swallow Way,8/21/1997,Female
3 Shoshone Terrace,9/21/1965,Female
6 Steensland Road,9/12/1990,Male
7 Longview Terrace,11/20/2004,Female
769 Duke Terrace,10/4/1955,Male
4 John Wall Junction,5/9/2008,Male
4 Laurel Center,8/7/1973,Female
502 Warner Terrace,12/17/2009,Female
45530 Waubesa Lane,4/21/2011,Female
626 Schmedeman Alley,7/12/1978,Male
7847 Pepper Wood Trail,6/21/1968,Male
6 Crowley Hill,7/19/1992,Male
54844 Del Mar Way,4/24/1998,Male
8 Rowland Place,11/24/2004,Female
04171 4th Trail,8/27/1968,Female
437 Homewood Crossing,3/31/2002,Male
68 Continental Terrace,12/31/1948,Female
63 Milwaukee Crossing,2/22/1975,Female
00 Sommers Trail,11/8/1989,Female
79 Continental Place,2/19/1984,Male
1988 Veith Plaza,10/5/1974,Female
22 Spohn Drive,6/11/1965,Male
2730 Barby Avenue,3/5/2014,Female
241 Del Mar Junction,2/13/1953,Male
53989 Mendota Circle,3/17/2000,Male
4 Troy Terrace,5/1/1965,Male
0 Continental Parkway,7/30/1962,Male
0 Hauk Lane,6/21/1976,Female
939 Cambridge Parkway,10/7/2012,Male
71822 Toban Junction,10/6/2005,Male
7316 Dunning Plaza,10/29/2000,Female
569 Northview Center,4/19/1971,Female
93712 Stuart Street,10/15/1991,Male
3 Morning Lane,7/4/1996,Male
780 Twin Pines Way,12/27/1958,Male
66110 Linden Court,9/14/1983,Male
59 New Castle Pass,12/23/1985,Female
00644 Pleasure Road,4/20/2011,Male
6624 Oak Valley Center,2/4/1956,Female
070 Fordem Terrace,9/11/1967,Male
001 Brickson Park Junction,7/14/1991,Male
063 Texas Plaza,1/26/2000,Female
46 Bunting Parkway,12/14/1992,Male
54 Homewood Place,3/15/1966,Male
276 Anthes Junction,2/23/2006,Male
236 Hayes Avenue,1/24/1961,Female
8914 Di Loreto Court,4/22/2001,Male
885 Everett Street,5/23/2017,Male
52 8th Crossing,6/17/2014,Male
59758 Haas Pass,8/9/1993,Male
1944 Forest Dale Avenue,10/2/2008,Female
7018 Morningstar Park,12/22/2006,Female
1 Cordelia Parkway,5/3/1964,Female
7043 Sachtjen Drive,9/9/2007,Female
5 Vidon Park,1/4/1988,Male
5176 Ludington Alley,1/31/1981,Female
8 Laurel Crossing,10/29/1959,Male
94237 Waubesa Trail,4/4/1972,Male
0 Morrow Lane,1/19/1998,Male
37663 Warrior Junction,6/4/1949,Male
41 Delladonna Plaza,5/14/1999,Male
39 Elgar Plaza,5/15/1959,Male
5 La Follette Center,4/21/1942,Male
5162 Mallard Alley,6/26/1988,Male
840 Morrow Circle,10/14/1999,Male
98306 Larry Court,3/27/2007,Female
1 Stoughton Center,12/19/1978,Male
6 Buhler Terrace,8/18/1995,Male
17 High Crossing Crossing,8/26/1963,Female
4805 South Drive,5/24/1966,Female
341 Harper Drive,9/11/1941,Female
7320 American Court,2/8/1955,Female
24 Barnett Place,8/31/2002,Male
4375 Clyde Gallagher Street,6/22/1964,Male
6095 Coleman Center,12/20/1991,Male
806 Hooker Hill,8/17/1961,Female
8 Lakeland Alley,4/19/1954,Male
0226 Moland Circle,7/17/1954,Male
8 Dapin Trail,4/1/1995,Female
63856 Lotheville Avenue,3/3/2015,Male
2 High Crossing Avenue,8/20/1986,Female
576 Merrick Place,3/9/1952,Male
87 Village Hill,4/6/1946,Male
03701 Longview Court,1/17/1987,Female
0904 Anhalt Road,11/17/1997,Female
96 Dakota Lane,3/8/1944,Male
67 Russell Trail,1/20/2003,Male
8 Lien Avenue,9/29/1972,Female
1346 Hansons Crossing,2/24/1992,Female
863 Old Shore Circle,11/9/2004,Male
8 Michigan Terrace,12/16/1950,Female
91 Colorado Trail,9/29/1977,Male
6101 Morning Lane,2/18/2009,Female
8289 Sullivan Way,12/10/1969,Male
4678 Heffernan Crossing,4/1/2015,Male
6 Sachs Court,5/19/2001,Male
52774 Northfield Trail,10/15/1993,Female
94 East Hill,10/20/1943,Male
408 Summit Pass,9/15/2004,Male
87 Bartelt Alley,8/1/1972,Male
7816 Goodland Park,3/7/1941,Male
5 Mosinee Street,12/28/1944,Male
25519 Garrison Avenue,4/4/1969,Male
24 Oakridge Circle,4/20/1989,Male
0 Carpenter Hill,12/29/1975,Female
214 Maryland Parkway,6/26/1955,Female
68 Loftsgordon Street,9/2/1971,Female
6300 Trailsway Park,3/21/1987,Female
73 Haas Street,9/10/2011,Female
540 Northview Parkway,7/3/1950,Male
35 Russell Crossing,5/29/1997,Male
08419 Melrose Junction,3/8/2003,Female
1 Independence Lane,1/1/2003,Male
551 Summerview Road,5/29/2012,Male
89 Longview Street,3/3/2010,Female
06 Laurel Drive,9/28/1946,Female
3 Summit Pass,9/4/1949,Male
8 1st Junction,5/13/1970,Male
978 Buena Vista Way,9/24/2003,Female
31002 Rockefeller Hill,8/6/1959,Female
17625 Debs Parkway,2/11/1957,Male
83238 Schurz Center,11/30/1968,Female
19438 Anthes Place,4/10/1949,Female
1130 Raven Lane,12/2/2011,Male
3375 Monica Pass,3/11/1989,Male
2488 Ramsey Park,9/30/1985,Male
704 Kropf Hill,11/25/1995,Female
571 Anniversary Crossing,9/22/1994,Male
83206 Hagan Terrace,8/29/1943,Female
01754 Lyons Parkway,7/5/2015,Female
525 Sullivan Pass,3/6/1941,Female
399 Namekagon Circle,5/7/1966,Male
51647 Old Gate Hill,9/22/1993,Male
183 Southridge Circle,5/19/1952,Female
75271 Havey Parkway,11/20/1992,Female
54504 Schmedeman Terrace,9/13/2006,Male
975 Glendale Court,11/22/1941,Female
38849 Birchwood Drive,9/15/1950,Female
13571 Harper Road,8/10/2012,Male
3 Express Center,4/19/1996,Male
272 Crowley Place,9/24/1979,Female
803 Derek Lane,2/16/1997,Male
4 5th Lane,9/30/1942,Male
01822 Paget Center,3/4/1972,Male
64134 Brentwood Court,5/30/1980,Female
048 Mitchell Avenue,8/12/1998,Male
46 Redwing Court,1/17/1991,Female
136 Roth Center,7/27/2008,Female
9 Nancy Lane,12/13/1989,Female
542 Hoffman Plaza,2/12/1971,Male
113 Petterle Way,4/3/1944,Female
49167 Kinsman Center,11/10/2009,Male
42027 Hanson Alley,4/3/1977,Male
25728 Eastwood Court,8/17/1985,Male
119 Northfield Trail,12/22/1987,Male
80 Gerald Street,3/24/1976,Female
041 Mockingbird Terrace,5/20/1961,Male
0 Darwin Pass,8/20/2004,Female
4679 Darwin Parkway,1/28/1977,Male
89 High Crossing Parkway,6/19/1942,Female
051 Tennessee Alley,5/30/1997,Male
289 American Ash Way,11/23/1993,Female
0239 Linden Junction,10/3/1949,Female
84646 Golden Leaf Lane,12/9/2009,Male
5538 Portage Point,12/12/1956,Male
1 Holy Cross Place,1/1/1983,Female
0 Anthes Junction,2/20/1942,Female
3 Steensland Lane,3/25/2011,Female
83 Merchant Drive,4/8/1974,Male
37 Haas Court,5/28/1949,Male
776 Sommers Point,1/9/1965,Female
75 Mallard Street,10/8/1999,Male
8 Riverside Place,11/15/1945,Male
30 Talmadge Park,12/25/1944,Female
7417 Becker Trail,10/10/1941,Female
513 Golden Leaf Place,6/13/2010,Male
786 Londonderry Trail,9/29/1956,Male
72119 Hermina Lane,3/25/1953,Male
5620 Jay Court,2/22/1943,Female
965 Porter Lane,4/30/1975,Male
63908 Transport Drive,4/12/1957,Female
44122 Grim Lane,8/20/1981,Male
63553 Loomis Lane,8/25/1972,Male
2517 Miller Crossing,7/7/1992,Male
47791 Eliot Lane,2/4/1984,Female
2722 Messerschmidt Way,12/3/1982,Male
15 Huxley Park,6/17/2012,Female
13604 Weeping Birch Lane,1/2/1988,Female
92169 Parkside Way,5/20/1949,Female
828 Talisman Drive,1/19/2003,Male
63 Bonner Circle,1/9/2001,Female
87 Mifflin Road,5/30/2000,Male
3525 Havey Way,7/24/1964,Female
79 Declaration Road,4/8/1948,Male
95 Browning Avenue,6/17/1951,Female
1277 Sullivan Point,12/25/1985,Male
8 Kennedy Road,8/3/1943,Male
8 Waubesa Crossing,7/14/1989,Male
11085 Kinsman Point,4/21/1950,Male
376 Rigney Junction,1/14/2011,Male
47 Maple Wood Circle,4/14/1967,Male
6 Monument Way,1/12/1977,Male
6959 Gateway Alley,5/10/1960,Male
174 Prentice Avenue,10/10/2005,Male
38 Fordem Way,9/25/1941,Female
4 Anzinger Place,12/14/1977,Male
23 Eastlawn Street,6/29/1975,Female
19498 Hagan Trail,9/19/1966,Female
0 Cherokee Junction,1/30/2016,Female
90 Lawn Park,4/17/1973,Female
0495 Sherman Place,8/14/1962,Male
6811 5th Avenue,11/6/1947,Male
7560 Homewood Place,8/21/2007,Female
02 Division Center,2/12/1972,Female
7 Pennsylvania Alley,9/24/1982,Male
013 Del Sol Road,8/12/1991,Male
4 Fuller Hill,3/12/1954,Female
388 American Avenue,8/24/1996,Male
6 Ruskin Pass,4/4/2017,Female
951 Springs Center,9/21/1972,Female
0 Forster Parkway,10/30/2003,Male
5 Duke Junction,8/25/1964,Male
0 Westridge Place,11/8/1979,Female
3336 Sage Drive,8/15/1974,Male
0 Forest Dale Point,5/6/1970,Male
5253 Nova Lane,1/29/1942,Male
8330 Kim Street,1/12/2008,Female
1489 Nova Center,5/19/1991,Male
56692 Holy Cross Center,3/18/1972,Male
5 Iowa Drive,5/21/1994,Male
94 Lien Junction,9/21/1975,Female
271 Forest Dale Lane,12/5/1943,Female
0 Little Fleur Avenue,2/21/1996,Male
8 High Crossing Point,6/11/2000,Male
98 Claremont Terrace,9/2/1978,Female
9273 Cody Way,11/22/1981,Female
36121 Buhler Parkway,2/23/2005,Male
581 Bonner Center,5/13/1992,Female
81636 Mifflin Lane,11/12/1993,Male
7 Tennyson Court,5/28/1987,Female
2 Transport Pass,12/9/1940,Male
84074 Hooker Lane,5/27/2015,Female
512 Randy Street,1/14/1975,Male
489 Talmadge Junction,11/12/1959,Female
7524 Prairieview Terrace,12/11/1947,Female
173 Prairieview Lane,1/9/1986,Female
97394 Monument Way,8/6/1997,Female
67 Bellgrove Place,5/29/1948,Male
544 Summer Ridge Drive,2/27/1950,Female
57827 Dorton Avenue,8/21/2008,Male
949 Bunting Way,4/18/2002,Male
91104 Carey Point,4/23/1997,Male
5 Elka Trail,9/26/1995,Male
0 Cody Lane,2/6/1995,Male
68877 Anthes Point,4/12/1999,Female
6 Crescent Oaks Pass,12/23/1987,Female
64641 Bunting Court,7/8/1987,Male
455 6th Pass,9/5/1962,Female
099 Duke Street,8/25/1996,Male
71317 Pearson Hill,1/30/1954,Female
4 Mandrake Point,1/5/2006,Female
7 Bultman Road,2/4/1979,Male
80 Fuller Place,2/23/1958,Female
9861 Ridgeway Place,12/21/2004,Male
8939 Clemons Drive,6/6/2012,Female
75391 Pepper Wood Parkway,5/18/1977,Male
91526 Mandrake Circle,4/2/1982,Male
0231 Birchwood Lane,12/28/1964,Male
67 Badeau Junction,9/28/1977,Female
42300 Paget Lane,12/18/1994,Male
869 Oxford Trail,7/11/1982,Female
735 Carberry Plaza,11/19/1967,Male
1 Arkansas Court,8/3/2017,Female
4807 International Place,8/5/1991,Female
982 Clarendon Place,11/1/1942,Male
7 Lotheville Place,11/26/1982,Male
41948 Cordelia Crossing,4/9/1956,Female
13 Erie Junction,12/16/1958,Male
137 Jackson Circle,11/21/2001,Male
32 Eagle Crest Parkway,6/24/2016,Male
755 Jana Street,9/5/1993,Female
82 Redwing Place,9/21/1979,Male
83 Packers Way,2/21/1962,Male
1 6th Point,10/21/1975,Male
3 Norway Maple Way,9/18/1988,Female
52 Manufacturers Point,12/13/1944,Male
58319 Mallard Park,6/20/1956,Male
33 Killdeer Way,4/17/1946,Female
923 Kipling Lane,5/27/1969,Female
8246 Crest Line Junction,8/15/1986,Female
743 Surrey Street,10/23/1941,Male
2139 Ruskin Point,6/28/2015,Male
5246 Melvin Plaza,3/17/1961,Female
6 Caliangt Plaza,3/10/1947,Male
4568 Westerfield Terrace,12/26/1942,Female
3463 Cody Court,5/1/1958,Male
7 Monument Crossing,12/14/1955,Female
35 Alpine Point,8/15/1958,Male
52 Reindahl Hill,4/21/1966,Female
8 Pond Center,6/27/2016,Female
40534 Eastwood Parkway,7/22/1982,Female
48424 Thompson Drive,12/22/2003,Male
3633 Valley Edge Hill,11/27/1952,Female
5 Becker Road,2/15/2009,Male
826 Melvin Park,2/21/1945,Male
37060 Victoria Plaza,6/19/1943,Female
1 Golf Course Place,3/6/1979,Male
8 Summit Circle,8/9/1994,Female
250 Twin Pines Drive,5/4/1999,Female
44348 Forest Dale Parkway,5/28/1967,Female
30813 Spohn Place,1/30/2008,Female
63 Southridge Drive,3/8/1992,Female
3755 Superior Pass,8/18/2016,Female
9061 Fairview Pass,5/19/1982,Female
49098 Dixon Circle,12/9/1954,Female
4 Stephen Road,7/13/1972,Male
40 3rd Place,4/12/1976,Male
6002 Meadow Ridge Terrace,11/10/2016,Male
42 Buhler Avenue,11/5/1985,Female
08465 Caliangt Terrace,5/11/1957,Male
2378 Gulseth Trail,9/2/1996,Male
14667 Garrison Avenue,6/23/1953,Female
06 Comanche Road,1/3/1984,Male
50 Thackeray Junction,9/11/2010,Female
072 Melrose Park,11/24/1996,Female
5 Nevada Crossing,3/27/1966,Female
7 Service Parkway,1/28/1975,Female
6 Trailsway Hill,10/18/2001,Female
6163 Sachs Crossing,3/21/1951,Female
54 Mccormick Drive,10/21/1972,Male
3 Glendale Court,11/6/1975,Female
981 Arrowood Junction,11/18/1950,Male
182 Express Alley,11/1/2001,Female
68053 Canary Crossing,10/21/1992,Female
92062 Duke Pass,6/30/2000,Male
4758 Brentwood Street,10/26/1998,Female
7088 Di Loreto Way,4/22/1964,Female
4 Hauk Circle,5/23/2001,Male
80804 Fordem Junction,7/12/1943,Female
630 Declaration Pass,11/6/1955,Male
8092 Dennis Junction,7/24/1983,Male
2 Calypso Court,6/25/2017,Female
7 Mariners Cove Junction,3/17/1997,Male
53247 Pearson Way,6/2/1992,Female
52413 Summerview Trail,1/1/1943,Male
40376 Northland Avenue,7/17/1968,Male
987 Dayton Center,9/15/1961,Female
5574 Porter Drive,7/11/2003,Male
65 Dovetail Alley,8/29/2000,Male
44 Crescent Oaks Road,2/15/1995,Male
289 Grayhawk Park,11/25/1973,Female
3132 Havey Terrace,7/7/1969,Female
2 Magdeline Terrace,4/29/2000,Female
1 Leroy Alley,1/7/1958,Female
855 Monica Place,7/8/2002,Female
35283 Lotheville Park,6/15/1951,Female
01 High Crossing Point,9/28/1970,Female
2384 Towne Pass,1/8/1999,Male
29287 Dwight Trail,3/10/1974,Female
90 Menomonie Crossing,4/29/2003,Female
67 Sundown Pass,12/8/1967,Female
3861 Daystar Trail,10/29/1956,Male
22496 Shasta Street,7/10/1966,Female
38 Arizona Way,9/5/2007,Male
3408 La Follette Place,10/7/1997,Male
6 Armistice Circle,3/27/1960,Female
903 Westridge Pass,8/23/1995,Male
28354 Trailsway Way,1/22/1977,Female
203 Kenwood Park,3/5/1998,Male
86 5th Trail,1/31/1966,Male
791 Bowman Hill,4/29/1948,Female
930 Dakota Circle,7/17/1955,Female
30748 John Wall Hill,6/9/1947,Male
617 Chinook Pass,4/3/1963,Male
031 Jackson Road,4/10/1947,Male
44261 Northwestern Street,1/5/1954,Male
27106 Bartelt Avenue,1/12/1990,Male
44911 Red Cloud Court,2/17/1971,Male
2 Jay Way,5/27/1987,Female
4 Chinook Lane,8/27/2003,Female
3 Eastlawn Point,9/11/1996,Male
960 Warner Place,7/8/1976,Male
4 Corry Trail,11/24/1943,Male
060 American Point,2/17/1950,Male
41 Judy Junction,3/17/1948,Male
73 Thierer Drive,7/12/2004,Female
721 Independence Road,11/15/1961,Male
165 Tony Way,6/16/1970,Female
94654 Talmadge Trail,7/15/1980,Female
4478 Burning Wood Way,7/1/1970,Female
00 Forest Terrace,10/14/1987,Male
03198 3rd Plaza,9/20/2015,Female
115 Shopko Street,11/26/1991,Female
7195 Coolidge Avenue,9/15/1949,Male
695 Moland Junction,1/26/1962,Male
7283 Twin Pines Hill,11/3/1974,Female
112 Trailsway Hill,9/6/1979,Female
99 East Place,3/17/2003,Male
95519 Hintze Plaza,4/28/1974,Female
52487 La Follette Plaza,4/24/2008,Female
7 Green Ridge Point,9/7/1957,Female
09144 Swallow Place,8/17/1957,Male
5 Redwing Park,2/8/1966,Male
738 Leroy Park,6/11/2014,Female
1273 Loftsgordon Junction,4/12/2014,Female
8 Tennessee Hill,4/29/1998,Male
9643 Mesta Trail,7/23/1961,Female
530 Independence Center,8/24/1978,Male
437 Clarendon Avenue,12/8/2002,Male
846 International Avenue,3/1/1954,Female
02 Mallard Way,12/30/1955,Female
45 Luster Center,3/10/1988,Male
01 Declaration Center,11/25/1986,Female
6 Glacier Hill Park,1/19/1961,Female
220 Bluestem Circle,3/18/1971,Male
8727 Columbus Center,12/13/1980,Male
17 Sugar Center,11/29/1968,Male
3627 Porter Plaza,7/28/1983,Male
30 Shasta Way,2/24/2011,Female
9721 Loftsgordon Plaza,11/16/1967,Female
75 Sutherland Trail,12/20/2015,Female
702 Del Sol Way,9/22/1957,Male
284 Anhalt Lane,12/29/1950,Female
7 Ilene Junction,11/13/1975,Female
443 Autumn Leaf Junction,8/15/1961,Female
